1,1,"https://source.unsplash.com/featured/?restaurant,food&sig=1",2025-01-01 00:00:00
2,3,"https://source.unsplash.com/featured/?restaurant,food&sig=2",2025-01-01 00:00:00
3,4,"https://source.unsplash.com/featured/?restaurant,food&sig=3",2025-01-01 00:00:00
4,5,"https://source.unsplash.com/featured/?restaurant,food&sig=4",2025-01-01 00:00:00
5,6,"https://source.unsplash.com/featured/?restaurant,food&sig=5",2025-01-01 00:00:00
6,7,"https://source.unsplash.com/featured/?restaurant,food&sig=6",2025-01-01 00:00:00
7,8,"https://source.unsplash.com/featured/?restaurant,food&sig=7",2025-01-01 00:00:00
8,9,"https://source.unsplash.com/featured/?restaurant,food&sig=8",2025-01-01 00:00:00
9,10,"https://source.unsplash.com/featured/?restaurant,food&sig=9",2025-01-01 00:00:00
10,11,"https://source.unsplash.com/featured/?restaurant,food&sig=10",2025-01-01 00:00:00
11,12,"https://source.unsplash.com/featured/?restaurant,food&sig=11",2025-01-01 00:00:00
12,13,"https://source.unsplash.com/featured/?restaurant,food&sig=12",2025-01-01 00:00:00
13,14,"https://source.unsplash.com/featured/?restaurant,food&sig=13",2025-01-01 00:00:00
14,15,"https://source.unsplash.com/featured/?restaurant,food&sig=14",2025-01-01 00:00:00
15,16,"https://source.unsplash.com/featured/?restaurant,food&sig=15",2025-01-01 00:00:00
16,17,"https://source.unsplash.com/featured/?restaurant,food&sig=16",2025-01-01 00:00:00
17,18,"https://source.unsplash.com/featured/?restaurant,food&sig=17",2025-01-01 00:00:00
18,19,"https://source.unsplash.com/featured/?restaurant,food&sig=18",2025-01-01 00:00:00
19,20,"https://source.unsplash.com/featured/?restaurant,food&sig=19",2025-01-01 00:00:00
20,21,"https://source.unsplash.com/featured/?restaurant,food&sig=20",2025-01-01 00:00:00
21,22,"https://source.unsplash.com/featured/?restaurant,food&sig=21",2025-01-01 00:00:00
22,23,"https://source.unsplash.com/featured/?restaurant,food&sig=22",2025-01-01 00:00:00
23,24,"https://source.unsplash.com/featured/?restaurant,food&sig=23",2025-01-01 00:00:00
24,25,"https://source.unsplash.com/featured/?restaurant,food&sig=24",2025-01-01 00:00:00
25,26,"https://source.unsplash.com/featured/?restaurant,food&sig=25",2025-01-01 00:00:00
26,27,"https://source.unsplash.com/featured/?restaurant,food&sig=26",2025-01-01 00:00:00
27,28,"https://source.unsplash.com/featured/?restaurant,food&sig=27",2025-01-01 00:00:00
28,29,"https://source.unsplash.com/featured/?restaurant,food&sig=28",2025-01-01 00:00:00
29,30,"https://source.unsplash.com/featured/?restaurant,food&sig=29",2025-01-01 00:00:00
30,31,"https://source.unsplash.com/featured/?restaurant,food&sig=30",2025-01-01 00:00:00
31,32,"https://source.unsplash.com/featured/?restaurant,food&sig=31",2025-01-01 00:00:00
32,33,"https://source.unsplash.com/featured/?restaurant,food&sig=32",2025-01-01 00:00:00
33,34,"https://source.unsplash.com/featured/?restaurant,food&sig=33",2025-01-01 00:00:00
34,35,"https://source.unsplash.com/featured/?restaurant,food&sig=34",2025-01-01 00:00:00
35,36,"https://source.unsplash.com/featured/?restaurant,food&sig=35",2025-01-01 00:00:00
36,37,"https://source.unsplash.com/featured/?restaurant,food&sig=36",2025-01-01 00:00:00
37,38,"https://source.unsplash.com/featured/?restaurant,food&sig=37",2025-01-01 00:00:00
38,39,"https://source.unsplash.com/featured/?restaurant,food&sig=38",2025-01-01 00:00:00
39,40,"https://source.unsplash.com/featured/?restaurant,food&sig=39",2025-01-01 00:00:00
40,41,"https://source.unsplash.com/featured/?restaurant,food&sig=40",2025-01-01 00:00:00
41,42,"https://source.unsplash.com/featured/?restaurant,food&sig=41",2025-01-01 00:00:00
42,43,"https://source.unsplash.com/featured/?restaurant,food&sig=42",2025-01-01 00:00:00
43,44,"https://source.unsplash.com/featured/?restaurant,food&sig=43",2025-01-01 00:00:00
44,45,"https://source.unsplash.com/featured/?restaurant,food&sig=44",2025-01-01 00:00:00
45,46,"https://source.unsplash.com/featured/?restaurant,food&sig=45",2025-01-01 00:00:00
46,47,"https://source.unsplash.com/featured/?restaurant,food&sig=46",2025-01-01 00:00:00
47,48,"https://source.unsplash.com/featured/?restaurant,food&sig=47",2025-01-01 00:00:00
48,49,"https://source.unsplash.com/featured/?restaurant,food&sig=48",2025-01-01 00:00:00
49,50,"https://source.unsplash.com/featured/?restaurant,food&sig=49",2025-01-01 00:00:00
50,51,"https://source.unsplash.com/featured/?restaurant,food&sig=50",2025-01-01 00:00:00
51,52,"https://source.unsplash.com/featured/?restaurant,food&sig=51",2025-01-01 00:00:00
52,53,"https://source.unsplash.com/featured/?restaurant,food&sig=52",2025-01-01 00:00:00
53,54,"https://source.unsplash.com/featured/?restaurant,food&sig=53",2025-01-01 00:00:00
54,55,"https://source.unsplash.com/featured/?restaurant,food&sig=54",2025-01-01 00:00:00
55,56,"https://source.unsplash.com/featured/?restaurant,food&sig=55",2025-01-01 00:00:00
56,57,"https://source.unsplash.com/featured/?restaurant,food&sig=56",2025-01-01 00:00:00
57,58,"https://source.unsplash.com/featured/?restaurant,food&sig=57",2025-01-01 00:00:00
58,59,"https://source.unsplash.com/featured/?restaurant,food&sig=58",2025-01-01 00:00:00
59,60,"https://source.unsplash.com/featured/?restaurant,food&sig=59",2025-01-01 00:00:00
60,61,"https://source.unsplash.com/featured/?restaurant,food&sig=60",2025-01-01 00:00:00
61,62,"https://source.unsplash.com/featured/?restaurant,food&sig=61",2025-01-01 00:00:00
62,63,"https://source.unsplash.com/featured/?restaurant,food&sig=62",2025-01-01 00:00:00
63,64,"https://source.unsplash.com/featured/?restaurant,food&sig=63",2025-01-01 00:00:00
64,65,"https://source.unsplash.com/featured/?restaurant,food&sig=64",2025-01-01 00:00:00
65,66,"https://source.unsplash.com/featured/?restaurant,food&sig=65",2025-01-01 00:00:00
66,67,"https://source.unsplash.com/featured/?restaurant,food&sig=66",2025-01-01 00:00:00
67,68,"https://source.unsplash.com/featured/?restaurant,food&sig=67",2025-01-01 00:00:00
68,69,"https://source.unsplash.com/featured/?restaurant,food&sig=68",2025-01-01 00:00:00
69,70,"https://source.unsplash.com/featured/?restaurant,food&sig=69",2025-01-01 00:00:00
70,71,"https://source.unsplash.com/featured/?restaurant,food&sig=70",2025-01-01 00:00:00
71,72,"https://source.unsplash.com/featured/?restaurant,food&sig=71",2025-01-01 00:00:00
72,73,"https://source.unsplash.com/featured/?restaurant,food&sig=72",2025-01-01 00:00:00
73,74,"https://source.unsplash.com/featured/?restaurant,food&sig=73",2025-01-01 00:00:00
74,75,"https://source.unsplash.com/featured/?restaurant,food&sig=74",2025-01-01 00:00:00
75,76,"https://source.unsplash.com/featured/?restaurant,food&sig=75",2025-01-01 00:00:00
76,77,"https://source.unsplash.com/featured/?restaurant,food&sig=76",2025-01-01 00:00:00
77,78,"https://source.unsplash.com/featured/?restaurant,food&sig=77",2025-01-01 00:00:00
78,79,"https://source.unsplash.com/featured/?restaurant,food&sig=78",2025-01-01 00:00:00
79,80,"https://source.unsplash.com/featured/?restaurant,food&sig=79",2025-01-01 00:00:00
80,81,"https://source.unsplash.com/featured/?restaurant,food&sig=80",2025-01-01 00:00:00
81,82,"https://source.unsplash.com/featured/?restaurant,food&sig=81",2025-01-01 00:00:00
82,83,"https://source.unsplash.com/featured/?restaurant,food&sig=82",2025-01-01 00:00:00
83,84,"https://source.unsplash.com/featured/?restaurant,food&sig=83",2025-01-01 00:00:00
84,85,"https://source.unsplash.com/featured/?restaurant,food&sig=84",2025-01-01 00:00:00
85,86,"https://source.unsplash.com/featured/?restaurant,food&sig=85",2025-01-01 00:00:00
86,87,"https://source.unsplash.com/featured/?restaurant,food&sig=86",2025-01-01 00:00:00
87,88,"https://source.unsplash.com/featured/?restaurant,food&sig=87",2025-01-01 00:00:00
88,89,"https://source.unsplash.com/featured/?restaurant,food&sig=88",2025-01-01 00:00:00
89,90,"https://source.unsplash.com/featured/?restaurant,food&sig=89",2025-01-01 00:00:00
90,91,"https://source.unsplash.com/featured/?restaurant,food&sig=90",2025-01-01 00:00:00
91,92,"https://source.unsplash.com/featured/?restaurant,food&sig=91",2025-01-01 00:00:00
92,93,"https://source.unsplash.com/featured/?restaurant,food&sig=92",2025-01-01 00:00:00
93,94,"https://source.unsplash.com/featured/?restaurant,food&sig=93",2025-01-01 00:00:00
94,95,"https://source.unsplash.com/featured/?restaurant,food&sig=94",2025-01-01 00:00:00
95,96,"https://source.unsplash.com/featured/?restaurant,food&sig=95",2025-01-01 00:00:00
96,97,"https://source.unsplash.com/featured/?restaurant,food&sig=96",2025-01-01 00:00:00
97,98,"https://source.unsplash.com/featured/?restaurant,food&sig=97",2025-01-01 00:00:00
98,99,"https://source.unsplash.com/featured/?restaurant,food&sig=98",2025-01-01 00:00:00
99,100,"https://source.unsplash.com/featured/?restaurant,food&sig=99",2025-01-01 00:00:00
100,101,"https://source.unsplash.com/featured/?restaurant,food&sig=100",2025-01-01 00:00:00
101,102,"https://source.unsplash.com/featured/?restaurant,food&sig=101",2025-01-01 00:00:00
102,103,"https://source.unsplash.com/featured/?restaurant,food&sig=102",2025-01-01 00:00:00
103,104,"https://source.unsplash.com/featured/?restaurant,food&sig=103",2025-01-01 00:00:00
104,105,"https://source.unsplash.com/featured/?restaurant,food&sig=104",2025-01-01 00:00:00
105,106,"https://source.unsplash.com/featured/?restaurant,food&sig=105",2025-01-01 00:00:00
106,107,"https://source.unsplash.com/featured/?restaurant,food&sig=106",2025-01-01 00:00:00
107,108,"https://source.unsplash.com/featured/?restaurant,food&sig=107",2025-01-01 00:00:00
108,109,"https://source.unsplash.com/featured/?restaurant,food&sig=108",2025-01-01 00:00:00
109,110,"https://source.unsplash.com/featured/?restaurant,food&sig=109",2025-01-01 00:00:00
110,111,"https://source.unsplash.com/featured/?restaurant,food&sig=110",2025-01-01 00:00:00
111,112,"https://source.unsplash.com/featured/?restaurant,food&sig=111",2025-01-01 00:00:00
112,113,"https://source.unsplash.com/featured/?restaurant,food&sig=112",2025-01-01 00:00:00
113,114,"https://source.unsplash.com/featured/?restaurant,food&sig=113",2025-01-01 00:00:00
114,115,"https://source.unsplash.com/featured/?restaurant,food&sig=114",2025-01-01 00:00:00
115,116,"https://source.unsplash.com/featured/?restaurant,food&sig=115",2025-01-01 00:00:00
116,117,"https://source.unsplash.com/featured/?restaurant,food&sig=116",2025-01-01 00:00:00
117,118,"https://source.unsplash.com/featured/?restaurant,food&sig=117",2025-01-01 00:00:00
118,119,"https://source.unsplash.com/featured/?restaurant,food&sig=118",2025-01-01 00:00:00
119,120,"https://source.unsplash.com/featured/?restaurant,food&sig=119",2025-01-01 00:00:00
120,121,"https://source.unsplash.com/featured/?restaurant,food&sig=120",2025-01-01 00:00:00
121,122,"https://source.unsplash.com/featured/?restaurant,food&sig=121",2025-01-01 00:00:00
122,123,"https://source.unsplash.com/featured/?restaurant,food&sig=122",2025-01-01 00:00:00
123,124,"https://source.unsplash.com/featured/?restaurant,food&sig=123",2025-01-01 00:00:00
124,125,"https://source.unsplash.com/featured/?restaurant,food&sig=124",2025-01-01 00:00:00
125,126,"https://source.unsplash.com/featured/?restaurant,food&sig=125",2025-01-01 00:00:00
126,127,"https://source.unsplash.com/featured/?restaurant,food&sig=126",2025-01-01 00:00:00
127,128,"https://source.unsplash.com/featured/?restaurant,food&sig=127",2025-01-01 00:00:00
128,129,"https://source.unsplash.com/featured/?restaurant,food&sig=128",2025-01-01 00:00:00
129,130,"https://source.unsplash.com/featured/?restaurant,food&sig=129",2025-01-01 00:00:00
130,131,"https://source.unsplash.com/featured/?restaurant,food&sig=130",2025-01-01 00:00:00
131,132,"https://source.unsplash.com/featured/?restaurant,food&sig=131",2025-01-01 00:00:00
132,133,"https://source.unsplash.com/featured/?restaurant,food&sig=132",2025-01-01 00:00:00
133,134,"https://source.unsplash.com/featured/?restaurant,food&sig=133",2025-01-01 00:00:00
134,135,"https://source.unsplash.com/featured/?restaurant,food&sig=134",2025-01-01 00:00:00
135,136,"https://source.unsplash.com/featured/?restaurant,food&sig=135",2025-01-01 00:00:00
136,137,"https://source.unsplash.com/featured/?restaurant,food&sig=136",2025-01-01 00:00:00
137,138,"https://source.unsplash.com/featured/?restaurant,food&sig=137",2025-01-01 00:00:00
138,139,"https://source.unsplash.com/featured/?restaurant,food&sig=138",2025-01-01 00:00:00
139,140,"https://source.unsplash.com/featured/?restaurant,food&sig=139",2025-01-01 00:00:00
140,141,"https://source.unsplash.com/featured/?restaurant,food&sig=140",2025-01-01 00:00:00
141,142,"https://source.unsplash.com/featured/?restaurant,food&sig=141",2025-01-01 00:00:00
142,143,"https://source.unsplash.com/featured/?restaurant,food&sig=142",2025-01-01 00:00:00
143,144,"https://source.unsplash.com/featured/?restaurant,food&sig=143",2025-01-01 00:00:00
144,145,"https://source.unsplash.com/featured/?restaurant,food&sig=144",2025-01-01 00:00:00
145,146,"https://source.unsplash.com/featured/?restaurant,food&sig=145",2025-01-01 00:00:00
146,147,"https://source.unsplash.com/featured/?restaurant,food&sig=146",2025-01-01 00:00:00
147,148,"https://source.unsplash.com/featured/?restaurant,food&sig=147",2025-01-01 00:00:00
148,149,"https://source.unsplash.com/featured/?restaurant,food&sig=148",2025-01-01 00:00:00
149,150,"https://source.unsplash.com/featured/?restaurant,food&sig=149",2025-01-01 00:00:00
150,151,"https://source.unsplash.com/featured/?restaurant,food&sig=150",2025-01-01 00:00:00
151,152,"https://source.unsplash.com/featured/?restaurant,food&sig=151",2025-01-01 00:00:00
152,153,"https://source.unsplash.com/featured/?restaurant,food&sig=152",2025-01-01 00:00:00
153,154,"https://source.unsplash.com/featured/?restaurant,food&sig=153",2025-01-01 00:00:00
154,155,"https://source.unsplash.com/featured/?restaurant,food&sig=154",2025-01-01 00:00:00
155,156,"https://source.unsplash.com/featured/?restaurant,food&sig=155",2025-01-01 00:00:00
156,157,"https://source.unsplash.com/featured/?restaurant,food&sig=156",2025-01-01 00:00:00
157,158,"https://source.unsplash.com/featured/?restaurant,food&sig=157",2025-01-01 00:00:00
158,159,"https://source.unsplash.com/featured/?restaurant,food&sig=158",2025-01-01 00:00:00
159,160,"https://source.unsplash.com/featured/?restaurant,food&sig=159",2025-01-01 00:00:00
160,161,"https://source.unsplash.com/featured/?restaurant,food&sig=160",2025-01-01 00:00:00
161,162,"https://source.unsplash.com/featured/?restaurant,food&sig=161",2025-01-01 00:00:00
162,163,"https://source.unsplash.com/featured/?restaurant,food&sig=162",2025-01-01 00:00:00
163,164,"https://source.unsplash.com/featured/?restaurant,food&sig=163",2025-01-01 00:00:00
164,165,"https://source.unsplash.com/featured/?restaurant,food&sig=164",2025-01-01 00:00:00
165,166,"https://source.unsplash.com/featured/?restaurant,food&sig=165",2025-01-01 00:00:00
166,167,"https://source.unsplash.com/featured/?restaurant,food&sig=166",2025-01-01 00:00:00
167,168,"https://source.unsplash.com/featured/?restaurant,food&sig=167",2025-01-01 00:00:00
168,169,"https://source.unsplash.com/featured/?restaurant,food&sig=168",2025-01-01 00:00:00
169,170,"https://source.unsplash.com/featured/?restaurant,food&sig=169",2025-01-01 00:00:00
170,171,"https://source.unsplash.com/featured/?restaurant,food&sig=170",2025-01-01 00:00:00
171,172,"https://source.unsplash.com/featured/?restaurant,food&sig=171",2025-01-01 00:00:00
172,173,"https://source.unsplash.com/featured/?restaurant,food&sig=172",2025-01-01 00:00:00
173,174,"https://source.unsplash.com/featured/?restaurant,food&sig=173",2025-01-01 00:00:00
174,175,"https://source.unsplash.com/featured/?restaurant,food&sig=174",2025-01-01 00:00:00
175,176,"https://source.unsplash.com/featured/?restaurant,food&sig=175",2025-01-01 00:00:00
176,177,"https://source.unsplash.com/featured/?restaurant,food&sig=176",2025-01-01 00:00:00
177,178,"https://source.unsplash.com/featured/?restaurant,food&sig=177",2025-01-01 00:00:00
178,179,"https://source.unsplash.com/featured/?restaurant,food&sig=178",2025-01-01 00:00:00
179,180,"https://source.unsplash.com/featured/?restaurant,food&sig=179",2025-01-01 00:00:00
180,181,"https://source.unsplash.com/featured/?restaurant,food&sig=180",2025-01-01 00:00:00
181,182,"https://source.unsplash.com/featured/?restaurant,food&sig=181",2025-01-01 00:00:00
182,183,"https://source.unsplash.com/featured/?restaurant,food&sig=182",2025-01-01 00:00:00
183,184,"https://source.unsplash.com/featured/?restaurant,food&sig=183",2025-01-01 00:00:00
184,185,"https://source.unsplash.com/featured/?restaurant,food&sig=184",2025-01-01 00:00:00
185,186,"https://source.unsplash.com/featured/?restaurant,food&sig=185",2025-01-01 00:00:00
186,187,"https://source.unsplash.com/featured/?restaurant,food&sig=186",2025-01-01 00:00:00
187,188,"https://source.unsplash.com/featured/?restaurant,food&sig=187",2025-01-01 00:00:00
188,189,"https://source.unsplash.com/featured/?restaurant,food&sig=188",2025-01-01 00:00:00
189,190,"https://source.unsplash.com/featured/?restaurant,food&sig=189",2025-01-01 00:00:00
190,191,"https://source.unsplash.com/featured/?restaurant,food&sig=190",2025-01-01 00:00:00
191,192,"https://source.unsplash.com/featured/?restaurant,food&sig=191",2025-01-01 00:00:00
192,193,"https://source.unsplash.com/featured/?restaurant,food&sig=192",2025-01-01 00:00:00
193,194,"https://source.unsplash.com/featured/?restaurant,food&sig=193",2025-01-01 00:00:00
194,195,"https://source.unsplash.com/featured/?restaurant,food&sig=194",2025-01-01 00:00:00
195,196,"https://source.unsplash.com/featured/?restaurant,food&sig=195",2025-01-01 00:00:00
196,197,"https://source.unsplash.com/featured/?restaurant,food&sig=196",2025-01-01 00:00:00
197,198,"https://source.unsplash.com/featured/?restaurant,food&sig=197",2025-01-01 00:00:00
198,199,"https://source.unsplash.com/featured/?restaurant,food&sig=198",2025-01-01 00:00:00
199,200,"https://source.unsplash.com/featured/?restaurant,food&sig=199",2025-01-01 00:00:00
200,2,"https://source.unsplash.com/featured/?restaurant,food&sig=200",2025-01-01 00:00:00
